0,add,node1
0,add,node2
0,add,node3
0,add,node4
0,add,node5
0,add,node6
0,add,node7
0,add,node8
0,add,node9
0,add,node10
0,add,node11
0,add,node12
0,add,node13
0,add,node14
0,add,node15
0,add,node16
0,add,node17
0,add,node18
60000,add,node19
180000,add,node20
180000,add,node21
180000,add,node22
180000,add,node23
300000,add,node24
360000,add,node25
420000,add,node26
420000,add,node27
660000,add,node28
660000,add,node29
780000,add,node30
1440000,add,node31
1500000,add,node32
2040000,remove,node19
2040000,remove,node11
2040000,remove,node17
2040000,remove,node3
2580000,add,node33
2580000,add,node34
2580000,add,node35
2580000,add,node36
3060000,remove,node1
3060000,remove,node22
3060000,remove,node34
3060000,remove,node28
3060000,remove,node31
3060000,remove,node2
3180000,remove,node13
3180000,remove,node29
3180000,remove,node20
3240000,remove,node15
3300000,remove,node30
3420000,remove,node21
3420000,remove,node23
3420000,remove,node24
3540000,remove,node26
3540000,remove,node4
3540000,remove,node16
3660000,add,node37
3660000,add,node38
3660000,add,node39
3660000,add,node40
3660000,add,node41
3660000,add,node42
3900000,add,node43
3900000,add,node44
4020000,add,node45
4140000,add,node46
4200000,add,node47
4200000,add,node48
4200000,add,node49
4260000,add,node50
4260000,add,node51
4260000,add,node52
4260000,add,node53
4620000,remove,node37
4740000,remove,node10
4740000,remove,node49
4800000,add,node54
4860000,add,node55
4980000,add,node56
5100000,remove,node54
5100000,remove,node18
5100000,remove,node7
5220000,remove,node47
5340000,remove,node42
5340000,remove,node32
5400000,add,node57
5760000,add,node58
5820000,add,node59
5820000,add,node60
5820000,add,node61
5820000,add,node62
6300000,remove,node5
6420000,remove,node46
7260000,add,node63
7320000,add,node64
8400000,remove,node62
8460000,remove,node52
8460000,remove,node25
8460000,remove,node12
8460000,remove,node58
8460000,remove,node59
8520000,remove,node43
8580000,remove,node45
8580000,remove,node51
9000000,add,node65
9000000,add,node66
9000000,add,node67
9000000,add,node68
9180000,add,node69
9240000,add,node70
9600000,add,node71
9600000,add,node72
9660000,add,node73
9840000,remove,node73
10020000,add,node74
10080000,remove,node72
10260000,add,node75
10680000,remove,node61
10680000,remove,node27
10680000,remove,node8
10680000,remove,node35
10680000,remove,node68
10680000,remove,node64
10920000,remove,node56
10920000,remove,node69
10920000,remove,node9
11400000,add,node76
11400000,add,node77
11400000,add,node78
11520000,remove,node75
11580000,add,node79
11940000,add,node80
11940000,add,node81
11940000,add,node82
11940000,add,node83
11940000,add,node84
12060000,add,node85
13080000,remove,node83
13080000,remove,node81
13140000,add,node86
13800000,remove,node84
14040000,add,node87
14040000,add,node88
14100000,remove,node44
14100000,remove,node14
14100000,remove,node6
14160000,remove,node78
14160000,remove,node40
14160000,remove,node82
14220000,remove,node63
14220000,remove,node38
14220000,remove,node70
14460000,add,node89
14460000,add,node90
14460000,add,node91
14700000,remove,node79
14700000,remove,node41
14700000,remove,node74
15360000,add,node92
15360000,add,node93
15660000,remove,node48
15720000,add,node94
15900000,remove,node90
16020000,remove,node36
16140000,remove,node53
16140000,remove,node92
16140000,remove,node85
16140000,remove,node94
16620000,add,node95
16620000,add,node96
16620000,add,node97
16680000,add,node98
16680000,add,node99
16680000,add,node100
16680000,add,node101
16680000,add,node102
16680000,add,node103
16740000,add,node104
16800000,add,node105
16800000,add,node106
16800000,add,node107
16980000,remove,node100
16980000,remove,node80
16980000,remove,node101
16980000,remove,node99
16980000,remove,node97
16980000,remove,node76
17040000,add,node108
17100000,remove,node93
17640000,add,node109
17640000,add,node110
17700000,add,node111
17700000,add,node112
17700000,add,node113
17760000,add,node114
17940000,remove,node98
18000000,add,node115
18300000,remove,node109
18300000,remove,node111
18540000,add,node116
18540000,add,node117
20280000,remove,node115
20280000,remove,node104
20280000,remove,node89
20400000,remove,node71
20400000,remove,node108
20400000,remove,node33
20520000,remove,node57
20760000,remove,node106
20760000,remove,node55
20880000,remove,node110
21060000,add,node118
21060000,add,node119
21120000,add,node120
21240000,remove,node50
21240000,remove,node60
21240000,remove,node91
21240000,remove,node118
21360000,remove,node107
21420000,add,node121
21780000,add,node122
21780000,add,node123
21960000,add,node124
21960000,add,node125
21960000,add,node126
21960000,add,node127
21960000,add,node128
21960000,add,node129
21960000,add,node130
22020000,add,node131
22020000,add,node132
22440000,remove,node88
22560000,add,node133
22920000,remove,node128
22920000,remove,node65
22920000,remove,node96
23700000,add,node134
23940000,add,node135
23940000,add,node136
24120000,remove,node103
24240000,remove,node133
24240000,remove,node114
24240000,remove,node124
24240000,remove,node120
24240000,remove,node87
24240000,remove,node117
24360000,remove,node125
24360000,remove,node129
24360000,remove,node105
24360000,remove,node131
24480000,remove,node123
24480000,remove,node130
24480000,remove,node112
24960000,add,node137
24960000,add,node138
24960000,add,node139
25200000,add,node140
25440000,remove,node39
25860000,add,node141
25860000,add,node142
25860000,add,node143
25860000,add,node144
25860000,add,node145
25860000,add,node146
25860000,add,node147
25860000,add,node148
26100000,add,node149
26100000,add,node150
26100000,add,node151
26580000,remove,node132
26940000,remove,node95
26940000,remove,node146
26940000,remove,node119
26940000,remove,node147
27060000,remove,node140
27300000,remove,node102
27300000,remove,node127
27300000,remove,node136
27780000,remove,node151
27780000,remove,node148
28020000,remove,node116
28140000,remove,node134
28140000,remove,node77
29340000,add,node152
29340000,add,node153
29460000,add,node154
29520000,add,node155
29700000,add,node156
29760000,add,node157
30000000,remove,node157
30000000,remove,node150
30000000,remove,node145
30000000,remove,node122
30120000,remove,node113
30120000,remove,node86
30120000,remove,node152
30120000,remove,node149
30240000,remove,node139
30240000,remove,node143
30360000,remove,node155
30360000,remove,node156
30480000,remove,node144
30660000,add,node158
30720000,add,node159
30840000,remove,node66
30900000,add,node160
31140000,add,node161
31260000,add,node162
31260000,add,node163
31260000,add,node164
31260000,add,node165
31440000,add,node166
31620000,remove,node138
31620000,remove,node121
31620000,remove,node153
31740000,remove,node166
32220000,add,node167
32220000,add,node168
32580000,add,node169
32700000,remove,node137
32700000,remove,node169
32820000,remove,node126
32940000,remove,node67
33540000,add,node170
33720000,add,node171
33780000,add,node172
33780000,add,node173
34020000,add,node174
34380000,remove,node174
34560000,add,node175
35100000,remove,node159
35220000,remove,node170
35460000,remove,node167
35640000,add,node176
35700000,add,node177
36420000,remove,node163
36420000,remove,node164
36660000,remove,node165
36780000,remove,node175
39960000,remove,node171
40800000,remove,node176
40800000,remove,node142
40920000,remove,node172
